{
    "S-FC_B-lasso(B=50)_CIFAR-10": 62.46,
    "S-FC_B-lasso(B=50)_CIFAR-100": 31.98,
    "S-FC_B-lasso(B=50)_SVHN": 89.94698832206515,
    "S-CONV_SGD_CIFAR-10": 72.56,
    "S-CONV_SGD_CIFAR-100": 43.39,
    "S-CONV_SGD_SVHN": 93.16226183159189,
    "S-FC_SGD_CIFAR-100": 32.56
}