{
    "S-CONV_SGD_CIFAR-10": 62.37,
    "S-CONV_SGD_CIFAR-100": 30.46,
    "S-CONV_SGD_SVHN": 85.56776275353411,
    "3-FC_SGD_CIFAR-10": 59.44,
    "S-FC_SGD_CIFAR-100": 32.12,
    "3-FC_SGD_CIFAR-100": 30.8,
    "S-FC_SGD_SVHN": 85.64459127228027,
    "3-FC_SGD_SVHN": 44.28779963122311,
    "S-FC_B-lasso(B=0)_CIFAR-100": 31.11,
    "S-FC_B-lasso(B=0)_CIFAR-10": 59.03,
    "S-FC_B-lasso(B=0)_SVHN": 87.2618315918869,
    "S-FC_B-lasso(B=10)_CIFAR-10": 57.63,
    "S-FC_B-lasso(B=10)_CIFAR-100": 30.37,
    "S-FC_B-lasso(B=10)_SVHN": 86.86232329440688,
    "S-FC_SGD_CIFAR-10": 59.8,
    "S-LOCAL_SGD_CIFAR-10": 57.91,
    "S-LOCAL_SGD_CIFAR-100": 29.32
}